{
  "reference": "Cu",
  "moved": "Ni",
  "n_adsorbate_atoms": 6,
  "rotation": [
    [
      0.8209657968184665,
      0.3054374181915441,
      -0.4824138721292175
    ],
    [
      -0.3180383014511694,
      -0.4570706934474339,
      -0.8306250778790255
    ],
    [
      -0.4742012223352827,
      0.8353408674068128,
      -0.2780986083671724
    ]
  ],
  "permutation": [
    2,
    1,
    0,
    3,
    4,
    5
  ],
  "rmsd_A": 0.36481658432183395,
  "symbols": [
    "H",
    "H",
    "H",
    "H",
    "O",
    "Mo"
  ]
}