mode_index,freq_cm-1
0,3543.601093
1,1487.171935
2,1428.976483
3,1406.396072
4,805.156233
5,753.168919
6,619.321187
7,573.37112
8,403.747651
9,224.974523
