mode_index,freq_cm-1
0,3511.396487
1,1338.982675
2,1202.637207
3,1165.84095
4,1026.90691
5,951.70323
6,902.030518
7,389.279706
8,365.204635
9,136.672063
